<?xml version="1.0" encoding="UTF-8"?>
<project-private xmlns="http://www.netbeans.org/ns/project-private/1">
    <editor-bookmarks xmlns="http://www.netbeans.org/ns/editor-bookmarks/2" lastBookmarkId="0"/>
    <open-files xmlns="http://www.netbeans.org/ns/projectui-open-files/2">
        <group>
            <file>file:/C:/Users/julie/OneDrive/Documents/NetBeansProjects/JavaProjet2020/src/javaprojet2020/Responsable.java</file>
            <file>file:/C:/Users/julie/OneDrive/Documents/NetBeansProjects/JavaProjet2020/src/javaprojet2020/Commercial.java</file>
            <file>file:/C:/Users/julie/OneDrive/Documents/NetBeansProjects/JavaProjet2020/src/javaprojet2020/Entreprise.java</file>
            <file>file:/C:/Users/julie/OneDrive/Documents/NetBeansProjects/JavaProjet2020/src/javaprojet2020/JavaProjet2020.java</file>
            <file>file:/C:/Users/julie/OneDrive/Documents/NetBeansProjects/JavaProjet2020/src/javaprojet2020/Employe.java</file>
            <file>file:/C:/Users/julie/OneDrive/Documents/NetBeansProjects/JavaProjet2020/src/javaprojet2020/EmployeDeBase.java</file>
        </group>
    </open-files>
</project-private>
